CREATE TABLE `timezones` (
  `id` INT(11) NOT NULL AUTO_INCREMENT,
  `location` VARCHAR(150) DEFAULT NULL,
  `tz` VARCHAR(150) DEFAULT NULL,
  PRIMARY KEY (`id`),
  UNIQUE KEY `location` (`location`)
);

INSERT INTO timezones (location, tz) VALUES ('(GMT-11:00) Niue Time','Pacific/Niue');
INSERT INTO timezones (location, tz) VALUES ('(GMT-11:00) Samoa Standard Time','Pacific/Pago_Pago');
INSERT INTO timezones (location, tz) VALUES ('(GMT-10:00) Cook Islands Standard Time','Pacific/Rarotonga');
INSERT INTO timezones (location, tz) VALUES ('(GMT-10:00) Hawaii-Aleutian Standard Time','Pacific/Honolulu');
INSERT INTO timezones (location, tz) VALUES ('(GMT-10:00) Tahiti Time','Pacific/Tahiti');
INSERT INTO timezones (location, tz) VALUES ('(GMT-09:30) Marquesas Time','Pacific/Marquesas');
INSERT INTO timezones (location, tz) VALUES ('(GMT-09:00) Gambier Time','Pacific/Gambier');
INSERT INTO timezones (location, tz) VALUES ('(GMT-09:00) Hawaii-Aleutian Time (Adak)','America/Adak');
INSERT INTO timezones (location, tz) VALUES ('(GMT-08:00) Alaska Time - Anchorage','America/Anchorage');
INSERT INTO timezones (location, tz) VALUES ('(GMT-08:00) Alaska Time - Juneau','America/Juneau');
INSERT INTO timezones (location, tz) VALUES ('(GMT-08:00) Alaska Time - Metlakatla','America/Metlakatla');
INSERT INTO timezones (location, tz) VALUES ('(GMT-08:00) Alaska Time - Nome','America/Nome');
INSERT INTO timezones (location, tz) VALUES ('(GMT-08:00) Alaska Time - Sitka','America/Sitka');
INSERT INTO timezones (location, tz) VALUES ('(GMT-08:00) Alaska Time - Yakutat','America/Yakutat');
INSERT INTO timezones (location, tz) VALUES ('(GMT-08:00) Pitcairn Time','Pacific/Pitcairn');
INSERT INTO timezones (location, tz) VALUES ('(GMT-07:00) Mexican Pacific Standard Time','America/Hermosillo');
INSERT INTO timezones (location, tz) VALUES ('(GMT-07:00) Mountain Standard Time - Creston','America/Creston');
INSERT INTO timezones (location, tz) VALUES ('(GMT-07:00) Mountain Standard Time - Dawson Creek','America/Dawson_Creek');
INSERT INTO timezones (location, tz) VALUES ('(GMT-07:00) Mountain Standard Time - Fort Nelson','America/Fort_Nelson');
INSERT INTO timezones (location, tz) VALUES ('(GMT-07:00) Mountain Standard Time - Phoenix','America/Phoenix');
INSERT INTO timezones (location, tz) VALUES ('(GMT-07:00) Pacific Time - Dawson','America/Dawson');
INSERT INTO timezones (location, tz) VALUES ('(GMT-07:00) Pacific Time - Los Angeles','America/Los_Angeles');
INSERT INTO timezones (location, tz) VALUES ('(GMT-07:00) Pacific Time - Tijuana','America/Tijuana');
INSERT INTO timezones (location, tz) VALUES ('(GMT-07:00) Pacific Time - Vancouver','America/Vancouver');
INSERT INTO timezones (location, tz) VALUES ('(GMT-07:00) Pacific Time - Whitehorse','America/Whitehorse');
INSERT INTO timezones (location, tz) VALUES ('(GMT-06:00) Central Standard Time - Belize','America/Belize');
INSERT INTO timezones (location, tz) VALUES ('(GMT-06:00) Central Standard Time - Costa Rica','America/Costa_Rica');
INSERT INTO timezones (location, tz) VALUES ('(GMT-06:00) Central Standard Time - El Salvador','America/El_Salvador');
INSERT INTO timezones (location, tz) VALUES ('(GMT-06:00) Central Standard Time - Guatemala','America/Guatemala');
INSERT INTO timezones (location, tz) VALUES ('(GMT-06:00) Central Standard Time - Managua','America/Managua');
INSERT INTO timezones (location, tz) VALUES ('(GMT-06:00) Central Standard Time - Regina','America/Regina');
INSERT INTO timezones (location, tz) VALUES ('(GMT-06:00) Central Standard Time - Swift Current','America/Swift_Current');
INSERT INTO timezones (location, tz) VALUES ('(GMT-06:00) Central Standard Time - Tegucigalpa','America/Tegucigalpa');
INSERT INTO timezones (location, tz) VALUES ('(GMT-06:00) Easter Island Time','Pacific/Easter');
INSERT INTO timezones (location, tz) VALUES ('(GMT-06:00) Galapagos Time','Pacific/Galapagos');
INSERT INTO timezones (location, tz) VALUES ('(GMT-06:00) Mexican Pacific Time - Chihuahua','America/Chihuahua');
INSERT INTO timezones (location, tz) VALUES ('(GMT-06:00) Mexican Pacific Time - Mazatlan','America/Mazatlan');
INSERT INTO timezones (location, tz) VALUES ('(GMT-06:00) Mountain Time - Boise','America/Boise');
INSERT INTO timezones (location, tz) VALUES ('(GMT-06:00) Mountain Time - Cambridge Bay','America/Cambridge_Bay');
INSERT INTO timezones (location, tz) VALUES ('(GMT-06:00) Mountain Time - Denver','America/Denver');
INSERT INTO timezones (location, tz) VALUES ('(GMT-06:00) Mountain Time - Edmonton','America/Edmonton');
INSERT INTO timezones (location, tz) VALUES ('(GMT-06:00) Mountain Time - Inuvik','America/Inuvik');
INSERT INTO timezones (location, tz) VALUES ('(GMT-06:00) Mountain Time - Ojinaga','America/Ojinaga');
INSERT INTO timezones (location, tz) VALUES ('(GMT-06:00) Mountain Time - Yellowknife','America/Yellowknife');
INSERT INTO timezones (location, tz) VALUES ('(GMT-05:00) Acre Standard Time - Eirunepe','America/Eirunepe');
INSERT INTO timezones (location, tz) VALUES ('(GMT-05:00) Acre Standard Time - Rio Branco','America/Rio_Branco');
INSERT INTO timezones (location, tz) VALUES ('(GMT-05:00) Central Time - Bahia Banderas','America/Bahia_Banderas');
INSERT INTO timezones (location, tz) VALUES ('(GMT-05:00) Central Time - Beulah, North Dakota','America/North_Dakota/Beulah');
INSERT INTO timezones (location, tz) VALUES ('(GMT-05:00) Central Time - Center, North Dakota','America/North_Dakota/Center');
INSERT INTO timezones (location, tz) VALUES ('(GMT-05:00) Central Time - Chicago','America/Chicago');
INSERT INTO timezones (location, tz) VALUES ('(GMT-05:00) Central Time - Knox, Indiana','America/Indiana/Knox');
INSERT INTO timezones (location, tz) VALUES ('(GMT-05:00) Central Time - Matamoros','America/Matamoros');
INSERT INTO timezones (location, tz) VALUES ('(GMT-05:00) Central Time - Menominee','America/Menominee');
INSERT INTO timezones (location, tz) VALUES ('(GMT-05:00) Central Time - Merida','America/Merida');
INSERT INTO timezones (location, tz) VALUES ('(GMT-05:00) Central Time - Mexico City','America/Mexico_City');
INSERT INTO timezones (location, tz) VALUES ('(GMT-05:00) Central Time - Monterrey','America/Monterrey');
INSERT INTO timezones (location, tz) VALUES ('(GMT-05:00) Central Time - New Salem, North Dakota','America/North_Dakota/New_Salem');
INSERT INTO timezones (location, tz) VALUES ('(GMT-05:00) Central Time - Rainy River','America/Rainy_River');
INSERT INTO timezones (location, tz) VALUES ('(GMT-05:00) Central Time - Rankin Inlet','America/Rankin_Inlet');
INSERT INTO timezones (location, tz) VALUES ('(GMT-05:00) Central Time - Resolute','America/Resolute');
INSERT INTO timezones (location, tz) VALUES ('(GMT-05:00) Central Time - Tell City, Indiana','America/Indiana/Tell_City');
INSERT INTO timezones (location, tz) VALUES ('(GMT-05:00) Central Time - Winnipeg','America/Winnipeg');
INSERT INTO timezones (location, tz) VALUES ('(GMT-05:00) Colombia Standard Time','America/Bogota');
INSERT INTO timezones (location, tz) VALUES ('(GMT-05:00) Eastern Standard Time - Atikokan','America/Atikokan');
INSERT INTO timezones (location, tz) VALUES ('(GMT-05:00) Eastern Standard Time - Cancun','America/Cancun');
INSERT INTO timezones (location, tz) VALUES ('(GMT-05:00) Eastern Standard Time - Jamaica','America/Jamaica');
INSERT INTO timezones (location, tz) VALUES ('(GMT-05:00) Eastern Standard Time - Panama','America/Panama');
INSERT INTO timezones (location, tz) VALUES ('(GMT-05:00) Ecuador Time','America/Guayaquil');
INSERT INTO timezones (location, tz) VALUES ('(GMT-05:00) Peru Standard Time','America/Lima');
INSERT INTO timezones (location, tz) VALUES ('(GMT-04:00) Amazon Standard Time - Boa Vista','America/Boa_Vista');
INSERT INTO timezones (location, tz) VALUES ('(GMT-04:00) Amazon Standard Time - Manaus','America/Manaus');
INSERT INTO timezones (location, tz) VALUES ('(GMT-04:00) Amazon Standard Time - Porto Velho','America/Porto_Velho');
INSERT INTO timezones (location, tz) VALUES ('(GMT-04:00) Amazon Time - Campo Grande','America/Campo_Grande');
INSERT INTO timezones (location, tz) VALUES ('(GMT-04:00) Amazon Time - Cuiaba','America/Cuiaba');
INSERT INTO timezones (location, tz) VALUES ('(GMT-04:00) Atlantic Standard Time - Barbados','America/Barbados');
INSERT INTO timezones (location, tz) VALUES ('(GMT-04:00) Atlantic Standard Time - Blanc-Sablon','America/Blanc-Sablon');
INSERT INTO timezones (location, tz) VALUES ('(GMT-04:00) Atlantic Standard Time - Curaçao','America/Curacao');
INSERT INTO timezones (location, tz) VALUES ('(GMT-04:00) Atlantic Standard Time - Martinique','America/Martinique');
INSERT INTO timezones (location, tz) VALUES ('(GMT-04:00) Atlantic Standard Time - Port of Spain','America/Port_of_Spain');
INSERT INTO timezones (location, tz) VALUES ('(GMT-04:00) Atlantic Standard Time - Puerto Rico','America/Puerto_Rico');
INSERT INTO timezones (location, tz) VALUES ('(GMT-04:00) Atlantic Standard Time - Santo Domingo','America/Santo_Domingo');
INSERT INTO timezones (location, tz) VALUES ('(GMT-04:00) Bolivia Time','America/La_Paz');
INSERT INTO timezones (location, tz) VALUES ('(GMT-04:00) Chile Time','America/Santiago');
INSERT INTO timezones (location, tz) VALUES ('(GMT-04:00) Cuba Time','America/Havana');
INSERT INTO timezones (location, tz) VALUES ('(GMT-04:00) Eastern Time - Detroit','America/Detroit');
INSERT INTO timezones (location, tz) VALUES ('(GMT-04:00) Eastern Time - Grand Turk','America/Grand_Turk');
INSERT INTO timezones (location, tz) VALUES ('(GMT-04:00) Eastern Time - Indianapolis','America/Indiana/Indianapolis');
INSERT INTO timezones (location, tz) VALUES ('(GMT-04:00) Eastern Time - Iqaluit','America/Iqaluit');
INSERT INTO timezones (location, tz) VALUES ('(GMT-04:00) Eastern Time - Louisville','America/Kentucky/Louisville');
INSERT INTO timezones (location, tz) VALUES ('(GMT-04:00) Eastern Time - Marengo, Indiana','America/Indiana/Marengo');
INSERT INTO timezones (location, tz) VALUES ('(GMT-04:00) Eastern Time - Monticello, Kentucky','America/Kentucky/Monticello');
INSERT INTO timezones (location, tz) VALUES ('(GMT-04:00) Eastern Time - Nassau','America/Nassau');
INSERT INTO timezones (location, tz) VALUES ('(GMT-04:00) Eastern Time - New York','America/New_York');
INSERT INTO timezones (location, tz) VALUES ('(GMT-04:00) Eastern Time - Nipigon','America/Nipigon');
INSERT INTO timezones (location, tz) VALUES ('(GMT-04:00) Eastern Time - Pangnirtung','America/Pangnirtung');
INSERT INTO timezones (location, tz) VALUES ('(GMT-04:00) Eastern Time - Petersburg, Indiana','America/Indiana/Petersburg');
INSERT INTO timezones (location, tz) VALUES ('(GMT-04:00) Eastern Time - Port-au-Prince','America/Port-au-Prince');
INSERT INTO timezones (location, tz) VALUES ('(GMT-04:00) Eastern Time - Thunder Bay','America/Thunder_Bay');
INSERT INTO timezones (location, tz) VALUES ('(GMT-04:00) Eastern Time - Toronto','America/Toronto');
INSERT INTO timezones (location, tz) VALUES ('(GMT-04:00) Eastern Time - Vevay, Indiana','America/Indiana/Vevay');
INSERT INTO timezones (location, tz) VALUES ('(GMT-04:00) Eastern Time - Vincennes, Indiana','America/Indiana/Vincennes');
INSERT INTO timezones (location, tz) VALUES ('(GMT-04:00) Eastern Time - Winamac, Indiana','America/Indiana/Winamac');
INSERT INTO timezones (location, tz) VALUES ('(GMT-04:00) Guyana Time','America/Guyana');
INSERT INTO timezones (location, tz) VALUES ('(GMT-04:00) Paraguay Time','America/Asuncion');
INSERT INTO timezones (location, tz) VALUES ('(GMT-04:00) Venezuela Time','America/Caracas');
INSERT INTO timezones (location, tz) VALUES ('(GMT-03:00) Argentina Standard Time - Buenos Aires','America/Argentina/Buenos_Aires');
INSERT INTO timezones (location, tz) VALUES ('(GMT-03:00) Argentina Standard Time - Catamarca','America/Argentina/Catamarca');
INSERT INTO timezones (location, tz) VALUES ('(GMT-03:00) Argentina Standard Time - Cordoba','America/Argentina/Cordoba');
INSERT INTO timezones (location, tz) VALUES ('(GMT-03:00) Argentina Standard Time - Jujuy','America/Argentina/Jujuy');
INSERT INTO timezones (location, tz) VALUES ('(GMT-03:00) Argentina Standard Time - La Rioja','America/Argentina/La_Rioja');
INSERT INTO timezones (location, tz) VALUES ('(GMT-03:00) Argentina Standard Time - Mendoza','America/Argentina/Mendoza');
INSERT INTO timezones (location, tz) VALUES ('(GMT-03:00) Argentina Standard Time - Rio Gallegos','America/Argentina/Rio_Gallegos');
INSERT INTO timezones (location, tz) VALUES ('(GMT-03:00) Argentina Standard Time - Salta','America/Argentina/Salta');
INSERT INTO timezones (location, tz) VALUES ('(GMT-03:00) Argentina Standard Time - San Juan','America/Argentina/San_Juan');
INSERT INTO timezones (location, tz) VALUES ('(GMT-03:00) Argentina Standard Time - Tucuman','America/Argentina/Tucuman');
INSERT INTO timezones (location, tz) VALUES ('(GMT-03:00) Argentina Standard Time - Ushuaia','America/Argentina/Ushuaia');
INSERT INTO timezones (location, tz) VALUES ('(GMT-03:00) Atlantic Time - Bermuda','Atlantic/Bermuda');
INSERT INTO timezones (location, tz) VALUES ('(GMT-03:00) Atlantic Time - Glace Bay','America/Glace_Bay');
INSERT INTO timezones (location, tz) VALUES ('(GMT-03:00) Atlantic Time - Goose Bay','America/Goose_Bay');
INSERT INTO timezones (location, tz) VALUES ('(GMT-03:00) Atlantic Time - Halifax','America/Halifax');
INSERT INTO timezones (location, tz) VALUES ('(GMT-03:00) Atlantic Time - Moncton','America/Moncton');
INSERT INTO timezones (location, tz) VALUES ('(GMT-03:00) Atlantic Time - Thule','America/Thule');
INSERT INTO timezones (location, tz) VALUES ('(GMT-03:00) Brasilia Standard Time - Araguaina','America/Araguaina');
INSERT INTO timezones (location, tz) VALUES ('(GMT-03:00) Brasilia Standard Time - Bahia','America/Bahia');
INSERT INTO timezones (location, tz) VALUES ('(GMT-03:00) Brasilia Standard Time - Belem','America/Belem');
INSERT INTO timezones (location, tz) VALUES ('(GMT-03:00) Brasilia Standard Time - Fortaleza','America/Fortaleza');
INSERT INTO timezones (location, tz) VALUES ('(GMT-03:00) Brasilia Standard Time - Maceio','America/Maceio');
INSERT INTO timezones (location, tz) VALUES ('(GMT-03:00) Brasilia Standard Time - Recife','America/Recife');
INSERT INTO timezones (location, tz) VALUES ('(GMT-03:00) Brasilia Standard Time - Santarem','America/Santarem');
INSERT INTO timezones (location, tz) VALUES ('(GMT-03:00) Brasilia Time','America/Sao_Paulo');
INSERT INTO timezones (location, tz) VALUES ('(GMT-03:00) Falkland Islands Standard Time','Atlantic/Stanley');
INSERT INTO timezones (location, tz) VALUES ('(GMT-03:00) French Guiana Time','America/Cayenne');
INSERT INTO timezones (location, tz) VALUES ('(GMT-03:00) Palmer Time','Antarctica/Palmer');
INSERT INTO timezones (location, tz) VALUES ('(GMT-03:00) Punta Arenas Time','America/Punta_Arenas');
INSERT INTO timezones (location, tz) VALUES ('(GMT-03:00) Rothera Time','Antarctica/Rothera');
INSERT INTO timezones (location, tz) VALUES ('(GMT-03:00) Suriname Time','America/Paramaribo');
INSERT INTO timezones (location, tz) VALUES ('(GMT-03:00) Uruguay Standard Time','America/Montevideo');
INSERT INTO timezones (location, tz) VALUES ('(GMT-03:00) Western Argentina Standard Time','America/Argentina/San_Luis');
INSERT INTO timezones (location, tz) VALUES ('(GMT-02:30) Newfoundland Time','America/St_Johns');
INSERT INTO timezones (location, tz) VALUES ('(GMT-02:00) Fernando de Noronha Standard Time','America/Noronha');
INSERT INTO timezones (location, tz) VALUES ('(GMT-02:00) South Georgia Time','Atlantic/South_Georgia');
INSERT INTO timezones (location, tz) VALUES ('(GMT-02:00) St. Pierre & Miquelon Time','America/Miquelon');
INSERT INTO timezones (location, tz) VALUES ('(GMT-02:00) West Greenland Time','America/Godthab');
INSERT INTO timezones (location, tz) VALUES ('(GMT-01:00) Cape Verde Standard Time','Atlantic/Cape_Verde');
INSERT INTO timezones (location, tz) VALUES ('(GMT+00:00) Azores Time','Atlantic/Azores');
INSERT INTO timezones (location, tz) VALUES ('(GMT+00:00) Coordinated Universal Time','UTC');
INSERT INTO timezones (location, tz) VALUES ('(GMT+00:00) East Greenland Time','America/Scoresbysund');
INSERT INTO timezones (location, tz) VALUES ('(GMT+00:00) Greenwich Mean Time','Etc/GMT');
INSERT INTO timezones (location, tz) VALUES ('(GMT+00:00) Greenwich Mean Time - Abidjan','Africa/Abidjan');
INSERT INTO timezones (location, tz) VALUES ('(GMT+00:00) Greenwich Mean Time - Accra','Africa/Accra');
INSERT INTO timezones (location, tz) VALUES ('(GMT+00:00) Greenwich Mean Time - Bissau','Africa/Bissau');
INSERT INTO timezones (location, tz) VALUES ('(GMT+00:00) Greenwich Mean Time - Danmarkshavn','America/Danmarkshavn');
INSERT INTO timezones (location, tz) VALUES ('(GMT+00:00) Greenwich Mean Time - Monrovia','Africa/Monrovia');
INSERT INTO timezones (location, tz) VALUES ('(GMT+00:00) Greenwich Mean Time - Reykjavik','Atlantic/Reykjavik');
INSERT INTO timezones (location, tz) VALUES ('(GMT+00:00) Greenwich Mean Time - São Tomé','Africa/Sao_Tome');
INSERT INTO timezones (location, tz) VALUES ('(GMT+01:00) Central European Standard Time - Algiers','Africa/Algiers');
INSERT INTO timezones (location, tz) VALUES ('(GMT+01:00) Central European Standard Time - Tunis','Africa/Tunis');
INSERT INTO timezones (location, tz) VALUES ('(GMT+01:00) Ireland Time','Europe/Dublin');
INSERT INTO timezones (location, tz) VALUES ('(GMT+01:00) Morocco Time','Africa/Casablanca');
INSERT INTO timezones (location, tz) VALUES ('(GMT+01:00) United Kingdom Time','Europe/London');
INSERT INTO timezones (location, tz) VALUES ('(GMT+01:00) West Africa Standard Time - Lagos','Africa/Lagos');
INSERT INTO timezones (location, tz) VALUES ('(GMT+01:00) West Africa Standard Time - Ndjamena','Africa/Ndjamena');
INSERT INTO timezones (location, tz) VALUES ('(GMT+01:00) Western European Time - Canary','Atlantic/Canary');
INSERT INTO timezones (location, tz) VALUES ('(GMT+01:00) Western European Time - Faroe','Atlantic/Faroe');
INSERT INTO timezones (location, tz) VALUES ('(GMT+01:00) Western European Time - Lisbon','Europe/Lisbon');
INSERT INTO timezones (location, tz) VALUES ('(GMT+01:00) Western European Time - Madeira','Atlantic/Madeira');
INSERT INTO timezones (location, tz) VALUES ('(GMT+01:00) Western Sahara Time','Africa/El_Aaiun');
INSERT INTO timezones (location, tz) VALUES ('(GMT+02:00) Central Africa Time - Khartoum','Africa/Khartoum');
INSERT INTO timezones (location, tz) VALUES ('(GMT+02:00) Central Africa Time - Maputo','Africa/Maputo');
INSERT INTO timezones (location, tz) VALUES ('(GMT+02:00) Central Africa Time - Windhoek','Africa/Windhoek');
INSERT INTO timezones (location, tz) VALUES ('(GMT+02:00) Central European Time - Amsterdam','Europe/Amsterdam');
INSERT INTO timezones (location, tz) VALUES ('(GMT+02:00) Central European Time - Andorra','Europe/Andorra');
INSERT INTO timezones (location, tz) VALUES ('(GMT+02:00) Central European Time - Belgrade','Europe/Belgrade');
INSERT INTO timezones (location, tz) VALUES ('(GMT+02:00) Central European Time - Berlin','Europe/Berlin');
INSERT INTO timezones (location, tz) VALUES ('(GMT+02:00) Central European Time - Brussels','Europe/Brussels');
INSERT INTO timezones (location, tz) VALUES ('(GMT+02:00) Central European Time - Budapest','Europe/Budapest');
INSERT INTO timezones (location, tz) VALUES ('(GMT+02:00) Central European Time - Ceuta','Africa/Ceuta');
INSERT INTO timezones (location, tz) VALUES ('(GMT+02:00) Central European Time - Copenhagen','Europe/Copenhagen');
INSERT INTO timezones (location, tz) VALUES ('(GMT+02:00) Central European Time - Gibraltar','Europe/Gibraltar');
INSERT INTO timezones (location, tz) VALUES ('(GMT+02:00) Central European Time - Luxembourg','Europe/Luxembourg');
INSERT INTO timezones (location, tz) VALUES ('(GMT+02:00) Central European Time - Madrid','Europe/Madrid');
INSERT INTO timezones (location, tz) VALUES ('(GMT+02:00) Central European Time - Malta','Europe/Malta');
INSERT INTO timezones (location, tz) VALUES ('(GMT+02:00) Central European Time - Monaco','Europe/Monaco');
INSERT INTO timezones (location, tz) VALUES ('(GMT+02:00) Central European Time - Oslo','Europe/Oslo');
INSERT INTO timezones (location, tz) VALUES ('(GMT+02:00) Central European Time - Paris','Europe/Paris');
INSERT INTO timezones (location, tz) VALUES ('(GMT+02:00) Central European Time - Prague','Europe/Prague');
INSERT INTO timezones (location, tz) VALUES ('(GMT+02:00) Central European Time - Rome','Europe/Rome');
INSERT INTO timezones (location, tz) VALUES ('(GMT+02:00) Central European Time - Stockholm','Europe/Stockholm');
INSERT INTO timezones (location, tz) VALUES ('(GMT+02:00) Central European Time - Tirane','Europe/Tirane');
INSERT INTO timezones (location, tz) VALUES ('(GMT+02:00) Central European Time - Vienna','Europe/Vienna');
INSERT INTO timezones (location, tz) VALUES ('(GMT+02:00) Central European Time - Warsaw','Europe/Warsaw');
INSERT INTO timezones (location, tz) VALUES ('(GMT+02:00) Central European Time - Zurich','Europe/Zurich');
INSERT INTO timezones (location, tz) VALUES ('(GMT+02:00) Eastern European Standard Time - Cairo','Africa/Cairo');
INSERT INTO timezones (location, tz) VALUES ('(GMT+02:00) Eastern European Standard Time - Kaliningrad','Europe/Kaliningrad');
INSERT INTO timezones (location, tz) VALUES ('(GMT+02:00) Eastern European Standard Time - Tripoli','Africa/Tripoli');
INSERT INTO timezones (location, tz) VALUES ('(GMT+02:00) South Africa Standard Time','Africa/Johannesburg');
INSERT INTO timezones (location, tz) VALUES ('(GMT+02:00) Troll Time','Antarctica/Troll');
INSERT INTO timezones (location, tz) VALUES ('(GMT+03:00) Arabian Standard Time - Baghdad','Asia/Baghdad');
INSERT INTO timezones (location, tz) VALUES ('(GMT+03:00) Arabian Standard Time - Qatar','Asia/Qatar');
INSERT INTO timezones (location, tz) VALUES ('(GMT+03:00) Arabian Standard Time - Riyadh','Asia/Riyadh');
INSERT INTO timezones (location, tz) VALUES ('(GMT+03:00) East Africa Time - Juba','Africa/Juba');
INSERT INTO timezones (location, tz) VALUES ('(GMT+03:00) East Africa Time - Nairobi','Africa/Nairobi');
INSERT INTO timezones (location, tz) VALUES ('(GMT+03:00) Eastern European Time - Amman','Asia/Amman');
INSERT INTO timezones (location, tz) VALUES ('(GMT+03:00) Eastern European Time - Athens','Europe/Athens');
INSERT INTO timezones (location, tz) VALUES ('(GMT+03:00) Eastern European Time - Beirut','Asia/Beirut');
INSERT INTO timezones (location, tz) VALUES ('(GMT+03:00) Eastern European Time - Bucharest','Europe/Bucharest');
INSERT INTO timezones (location, tz) VALUES ('(GMT+03:00) Eastern European Time - Chisinau','Europe/Chisinau');
INSERT INTO timezones (location, tz) VALUES ('(GMT+03:00) Eastern European Time - Damascus','Asia/Damascus');
INSERT INTO timezones (location, tz) VALUES ('(GMT+03:00) Eastern European Time - Gaza','Asia/Gaza');
INSERT INTO timezones (location, tz) VALUES ('(GMT+03:00) Eastern European Time - Hebron','Asia/Hebron');
INSERT INTO timezones (location, tz) VALUES ('(GMT+03:00) Eastern European Time - Helsinki','Europe/Helsinki');
INSERT INTO timezones (location, tz) VALUES ('(GMT+03:00) Eastern European Time - Kiev','Europe/Kiev');
INSERT INTO timezones (location, tz) VALUES ('(GMT+03:00) Eastern European Time - Nicosia','Asia/Nicosia');
INSERT INTO timezones (location, tz) VALUES ('(GMT+03:00) Eastern European Time - Riga','Europe/Riga');
INSERT INTO timezones (location, tz) VALUES ('(GMT+03:00) Eastern European Time - Sofia','Europe/Sofia');
INSERT INTO timezones (location, tz) VALUES ('(GMT+03:00) Eastern European Time - Tallinn','Europe/Tallinn');
INSERT INTO timezones (location, tz) VALUES ('(GMT+03:00) Eastern European Time - Uzhhorod','Europe/Uzhgorod');
INSERT INTO timezones (location, tz) VALUES ('(GMT+03:00) Eastern European Time - Vilnius','Europe/Vilnius');
INSERT INTO timezones (location, tz) VALUES ('(GMT+03:00) Eastern European Time - Zaporozhye','Europe/Zaporozhye');
INSERT INTO timezones (location, tz) VALUES ('(GMT+03:00) Famagusta Time','Asia/Famagusta');
INSERT INTO timezones (location, tz) VALUES ('(GMT+03:00) Israel Time','Asia/Jerusalem');
INSERT INTO timezones (location, tz) VALUES ('(GMT+03:00) Kirov Time','Europe/Kirov');
INSERT INTO timezones (location, tz) VALUES ('(GMT+03:00) Moscow Standard Time - Minsk','Europe/Minsk');
INSERT INTO timezones (location, tz) VALUES ('(GMT+03:00) Moscow Standard Time - Moscow','Europe/Moscow');
INSERT INTO timezones (location, tz) VALUES ('(GMT+03:00) Moscow Standard Time - Simferopol','Europe/Simferopol');
INSERT INTO timezones (location, tz) VALUES ('(GMT+03:00) Syowa Time','Antarctica/Syowa');
INSERT INTO timezones (location, tz) VALUES ('(GMT+03:00) Turkey Time','Europe/Istanbul');
INSERT INTO timezones (location, tz) VALUES ('(GMT+04:00) Armenia Standard Time','Asia/Yerevan');
INSERT INTO timezones (location, tz) VALUES ('(GMT+04:00) Astrakhan Time','Europe/Astrakhan');
INSERT INTO timezones (location, tz) VALUES ('(GMT+04:00) Azerbaijan Standard Time','Asia/Baku');
INSERT INTO timezones (location, tz) VALUES ('(GMT+04:00) Georgia Standard Time','Asia/Tbilisi');
INSERT INTO timezones (location, tz) VALUES ('(GMT+04:00) Gulf Standard Time','Asia/Dubai');
INSERT INTO timezones (location, tz) VALUES ('(GMT+04:00) Mauritius Standard Time','Indian/Mauritius');
INSERT INTO timezones (location, tz) VALUES ('(GMT+04:00) Réunion Time','Indian/Reunion');
INSERT INTO timezones (location, tz) VALUES ('(GMT+04:00) Samara Standard Time','Europe/Samara');
INSERT INTO timezones (location, tz) VALUES ('(GMT+04:00) Saratov Time','Europe/Saratov');
INSERT INTO timezones (location, tz) VALUES ('(GMT+04:00) Seychelles Time','Indian/Mahe');
INSERT INTO timezones (location, tz) VALUES ('(GMT+04:00) Ulyanovsk Time','Europe/Ulyanovsk');
INSERT INTO timezones (location, tz) VALUES ('(GMT+04:00) Volgograd Standard Time','Europe/Volgograd');
INSERT INTO timezones (location, tz) VALUES ('(GMT+04:30) Afghanistan Time','Asia/Kabul');
INSERT INTO timezones (location, tz) VALUES ('(GMT+04:30) Iran Time','Asia/Tehran');
INSERT INTO timezones (location, tz) VALUES ('(GMT+05:00) French Southern & Antarctic Time','Indian/Kerguelen');
INSERT INTO timezones (location, tz) VALUES ('(GMT+05:00) Maldives Time','Indian/Maldives');
INSERT INTO timezones (location, tz) VALUES ('(GMT+05:00) Mawson Time','Antarctica/Mawson');
INSERT INTO timezones (location, tz) VALUES ('(GMT+05:00) Pakistan Standard Time','Asia/Karachi');
INSERT INTO timezones (location, tz) VALUES ('(GMT+05:00) Tajikistan Time','Asia/Dushanbe');
INSERT INTO timezones (location, tz) VALUES ('(GMT+05:00) Turkmenistan Standard Time','Asia/Ashgabat');
INSERT INTO timezones (location, tz) VALUES ('(GMT+05:00) Uzbekistan Standard Time - Samarkand','Asia/Samarkand');
INSERT INTO timezones (location, tz) VALUES ('(GMT+05:00) Uzbekistan Standard Time - Tashkent','Asia/Tashkent');
INSERT INTO timezones (location, tz) VALUES ('(GMT+05:00) West Kazakhstan Time - Aqtau','Asia/Aqtau');
INSERT INTO timezones (location, tz) VALUES ('(GMT+05:00) West Kazakhstan Time - Aqtobe','Asia/Aqtobe');
INSERT INTO timezones (location, tz) VALUES ('(GMT+05:00) West Kazakhstan Time - Atyrau','Asia/Atyrau');
INSERT INTO timezones (location, tz) VALUES ('(GMT+05:00) West Kazakhstan Time - Oral','Asia/Oral');
INSERT INTO timezones (location, tz) VALUES ('(GMT+05:00) West Kazakhstan Time - Qyzylorda','Asia/Qyzylorda');
INSERT INTO timezones (location, tz) VALUES ('(GMT+05:00) Yekaterinburg Standard Time','Asia/Yekaterinburg');
INSERT INTO timezones (location, tz) VALUES ('(GMT+05:30) India Standard Time - Colombo','Asia/Colombo');
INSERT INTO timezones (location, tz) VALUES ('(GMT+05:30) India Standard Time - Kolkata','Asia/Kolkata');
INSERT INTO timezones (location, tz) VALUES ('(GMT+05:45) Nepal Time','Asia/Kathmandu');
INSERT INTO timezones (location, tz) VALUES ('(GMT+06:00) Bangladesh Standard Time','Asia/Dhaka');
INSERT INTO timezones (location, tz) VALUES ('(GMT+06:00) Bhutan Time','Asia/Thimphu');
INSERT INTO timezones (location, tz) VALUES ('(GMT+06:00) East Kazakhstan Time - Almaty','Asia/Almaty');
INSERT INTO timezones (location, tz) VALUES ('(GMT+06:00) East Kazakhstan Time - Qostanay','Asia/Qostanay');
INSERT INTO timezones (location, tz) VALUES ('(GMT+06:00) Indian Ocean Time','Indian/Chagos');
INSERT INTO timezones (location, tz) VALUES ('(GMT+06:00) Kyrgyzstan Time','Asia/Bishkek');
INSERT INTO timezones (location, tz) VALUES ('(GMT+06:00) Omsk Standard Time','Asia/Omsk');
INSERT INTO timezones (location, tz) VALUES ('(GMT+06:00) Urumqi Time','Asia/Urumqi');
INSERT INTO timezones (location, tz) VALUES ('(GMT+06:00) Vostok Time','Antarctica/Vostok');
INSERT INTO timezones (location, tz) VALUES ('(GMT+06:30) Cocos Islands Time','Indian/Cocos');
INSERT INTO timezones (location, tz) VALUES ('(GMT+06:30) Myanmar Time','Asia/Yangon');
INSERT INTO timezones (location, tz) VALUES ('(GMT+07:00) Barnaul Time','Asia/Barnaul');
INSERT INTO timezones (location, tz) VALUES ('(GMT+07:00) Christmas Island Time','Indian/Christmas');
INSERT INTO timezones (location, tz) VALUES ('(GMT+07:00) Davis Time','Antarctica/Davis');
INSERT INTO timezones (location, tz) VALUES ('(GMT+07:00) Hovd Standard Time','Asia/Hovd');
INSERT INTO timezones (location, tz) VALUES ('(GMT+07:00) Indochina Time - Bangkok','Asia/Bangkok');
INSERT INTO timezones (location, tz) VALUES ('(GMT+07:00) Indochina Time - Ho Chi Minh City','Asia/Ho_Chi_Minh');
INSERT INTO timezones (location, tz) VALUES ('(GMT+07:00) Krasnoyarsk Standard Time - Krasnoyarsk','Asia/Krasnoyarsk');
INSERT INTO timezones (location, tz) VALUES ('(GMT+07:00) Krasnoyarsk Standard Time - Novokuznetsk','Asia/Novokuznetsk');
INSERT INTO timezones (location, tz) VALUES ('(GMT+07:00) Novosibirsk Standard Time','Asia/Novosibirsk');
INSERT INTO timezones (location, tz) VALUES ('(GMT+07:00) Tomsk Time','Asia/Tomsk');
INSERT INTO timezones (location, tz) VALUES ('(GMT+07:00) Western Indonesia Time - Jakarta','Asia/Jakarta');
INSERT INTO timezones (location, tz) VALUES ('(GMT+07:00) Western Indonesia Time - Pontianak','Asia/Pontianak');
INSERT INTO timezones (location, tz) VALUES ('(GMT+08:00) Australian Western Standard Time - Casey','Antarctica/Casey');
INSERT INTO timezones (location, tz) VALUES ('(GMT+08:00) Australian Western Standard Time - Perth','Australia/Perth');
INSERT INTO timezones (location, tz) VALUES ('(GMT+08:00) Brunei Darussalam Time','Asia/Brunei');
INSERT INTO timezones (location, tz) VALUES ('(GMT+08:00) Central Indonesia Time','Asia/Makassar');
INSERT INTO timezones (location, tz) VALUES ('(GMT+08:00) China Standard Time - Macau','Asia/Macau');
INSERT INTO timezones (location, tz) VALUES ('(GMT+08:00) China Standard Time - Shanghai','Asia/Shanghai');
INSERT INTO timezones (location, tz) VALUES ('(GMT+08:00) Choibalsan Standard Time','Asia/Choibalsan');
INSERT INTO timezones (location, tz) VALUES ('(GMT+08:00) Hong Kong Standard Time','Asia/Hong_Kong');
INSERT INTO timezones (location, tz) VALUES ('(GMT+08:00) Irkutsk Standard Time','Asia/Irkutsk');
INSERT INTO timezones (location, tz) VALUES ('(GMT+08:00) Malaysia Time - Kuala Lumpur','Asia/Kuala_Lumpur');
INSERT INTO timezones (location, tz) VALUES ('(GMT+08:00) Malaysia Time - Kuching','Asia/Kuching');
INSERT INTO timezones (location, tz) VALUES ('(GMT+08:00) Philippine Standard Time','Asia/Manila');
INSERT INTO timezones (location, tz) VALUES ('(GMT+08:00) Singapore Standard Time','Asia/Singapore');
INSERT INTO timezones (location, tz) VALUES ('(GMT+08:00) Taipei Standard Time','Asia/Taipei');
INSERT INTO timezones (location, tz) VALUES ('(GMT+08:00) Ulaanbaatar Standard Time','Asia/Ulaanbaatar');
INSERT INTO timezones (location, tz) VALUES ('(GMT+08:45) Australian Central Western Standard Time','Australia/Eucla');
INSERT INTO timezones (location, tz) VALUES ('(GMT+09:00) East Timor Time','Asia/Dili');
INSERT INTO timezones (location, tz) VALUES ('(GMT+09:00) Eastern Indonesia Time','Asia/Jayapura');
INSERT INTO timezones (location, tz) VALUES ('(GMT+09:00) Japan Standard Time','Asia/Tokyo');
INSERT INTO timezones (location, tz) VALUES ('(GMT+09:00) Korean Standard Time - Pyongyang','Asia/Pyongyang');
INSERT INTO timezones (location, tz) VALUES ('(GMT+09:00) Korean Standard Time - Seoul','Asia/Seoul');
INSERT INTO timezones (location, tz) VALUES ('(GMT+09:00) Palau Time','Pacific/Palau');
INSERT INTO timezones (location, tz) VALUES ('(GMT+09:00) Yakutsk Standard Time - Chita','Asia/Chita');
INSERT INTO timezones (location, tz) VALUES ('(GMT+09:00) Yakutsk Standard Time - Khandyga','Asia/Khandyga');
INSERT INTO timezones (location, tz) VALUES ('(GMT+09:00) Yakutsk Standard Time - Yakutsk','Asia/Yakutsk');
INSERT INTO timezones (location, tz) VALUES ('(GMT+09:30) Australian Central Standard Time','Australia/Darwin');
INSERT INTO timezones (location, tz) VALUES ('(GMT+09:30) Central Australia Time - Adelaide','Australia/Adelaide');
INSERT INTO timezones (location, tz) VALUES ('(GMT+09:30) Central Australia Time - Broken Hill','Australia/Broken_Hill');
INSERT INTO timezones (location, tz) VALUES ('(GMT+10:00) Australian Eastern Standard Time - Brisbane','Australia/Brisbane');
INSERT INTO timezones (location, tz) VALUES ('(GMT+10:00) Australian Eastern Standard Time - Lindeman','Australia/Lindeman');
INSERT INTO timezones (location, tz) VALUES ('(GMT+10:00) Chamorro Standard Time','Pacific/Guam');
INSERT INTO timezones (location, tz) VALUES ('(GMT+10:00) Chuuk Time','Pacific/Chuuk');
INSERT INTO timezones (location, tz) VALUES ('(GMT+10:00) Dumont-d’Urville Time','Antarctica/DumontDUrville');
INSERT INTO timezones (location, tz) VALUES ('(GMT+10:00) Eastern Australia Time - Currie','Australia/Currie');
INSERT INTO timezones (location, tz) VALUES ('(GMT+10:00) Eastern Australia Time - Hobart','Australia/Hobart');
INSERT INTO timezones (location, tz) VALUES ('(GMT+10:00) Eastern Australia Time - Melbourne','Australia/Melbourne');
INSERT INTO timezones (location, tz) VALUES ('(GMT+10:00) Eastern Australia Time - Sydney','Australia/Sydney');
INSERT INTO timezones (location, tz) VALUES ('(GMT+10:00) Papua New Guinea Time','Pacific/Port_Moresby');
INSERT INTO timezones (location, tz) VALUES ('(GMT+10:00) Vladivostok Standard Time - Ust-Nera','Asia/Ust-Nera');
INSERT INTO timezones (location, tz) VALUES ('(GMT+10:00) Vladivostok Standard Time - Vladivostok','Asia/Vladivostok');
INSERT INTO timezones (location, tz) VALUES ('(GMT+10:30) Lord Howe Time','Australia/Lord_Howe');
INSERT INTO timezones (location, tz) VALUES ('(GMT+11:00) Bougainville Time','Pacific/Bougainville');
INSERT INTO timezones (location, tz) VALUES ('(GMT+11:00) Kosrae Time','Pacific/Kosrae');
INSERT INTO timezones (location, tz) VALUES ('(GMT+11:00) Macquarie Island Time','Antarctica/Macquarie');
INSERT INTO timezones (location, tz) VALUES ('(GMT+11:00) Magadan Standard Time','Asia/Magadan');
INSERT INTO timezones (location, tz) VALUES ('(GMT+11:00) New Caledonia Standard Time','Pacific/Noumea');
INSERT INTO timezones (location, tz) VALUES ('(GMT+11:00) Norfolk Island Time','Pacific/Norfolk');
INSERT INTO timezones (location, tz) VALUES ('(GMT+11:00) Ponape Time','Pacific/Pohnpei');
INSERT INTO timezones (location, tz) VALUES ('(GMT+11:00) Sakhalin Standard Time','Asia/Sakhalin');
INSERT INTO timezones (location, tz) VALUES ('(GMT+11:00) Solomon Islands Time','Pacific/Guadalcanal');
INSERT INTO timezones (location, tz) VALUES ('(GMT+11:00) Srednekolymsk Time','Asia/Srednekolymsk');
INSERT INTO timezones (location, tz) VALUES ('(GMT+11:00) Vanuatu Standard Time','Pacific/Efate');
INSERT INTO timezones (location, tz) VALUES ('(GMT+12:00) Anadyr Standard Time','Asia/Anadyr');
INSERT INTO timezones (location, tz) VALUES ('(GMT+12:00) Fiji Time','Pacific/Fiji');
INSERT INTO timezones (location, tz) VALUES ('(GMT+12:00) Gilbert Islands Time','Pacific/Tarawa');
INSERT INTO timezones (location, tz) VALUES ('(GMT+12:00) Marshall Islands Time - Kwajalein','Pacific/Kwajalein');
INSERT INTO timezones (location, tz) VALUES ('(GMT+12:00) Marshall Islands Time - Majuro','Pacific/Majuro');
INSERT INTO timezones (location, tz) VALUES ('(GMT+12:00) Nauru Time','Pacific/Nauru');
INSERT INTO timezones (location, tz) VALUES ('(GMT+12:00) New Zealand Time','Pacific/Auckland');
INSERT INTO timezones (location, tz) VALUES ('(GMT+12:00) Petropavlovsk-Kamchatski Standard Time','Asia/Kamchatka');
INSERT INTO timezones (location, tz) VALUES ('(GMT+12:00) Tuvalu Time','Pacific/Funafuti');
INSERT INTO timezones (location, tz) VALUES ('(GMT+12:00) Wake Island Time','Pacific/Wake');
INSERT INTO timezones (location, tz) VALUES ('(GMT+12:00) Wallis & Futuna Time','Pacific/Wallis');
INSERT INTO timezones (location, tz) VALUES ('(GMT+12:45) Chatham Time','Pacific/Chatham');
INSERT INTO timezones (location, tz) VALUES ('(GMT+13:00) Apia Time','Pacific/Apia');
INSERT INTO timezones (location, tz) VALUES ('(GMT+13:00) Phoenix Islands Time','Pacific/Enderbury');
INSERT INTO timezones (location, tz) VALUES ('(GMT+13:00) Tokelau Time','Pacific/Fakaofo');
INSERT INTO timezones (location, tz) VALUES ('(GMT+13:00) Tonga Standard Time','Pacific/Tongatapu');
INSERT INTO timezones (location, tz) VALUES ('(GMT+14:00) Line Islands Time','Pacific/Kiritimati');